,Book,Tests,WPM
0,REV,1,161.0931056
1,2JN,4,151.78386175
2,JUD,1,148.6723345
3,3JN,15,147.63010963999997
4,SNG,3,144.08430025964364
5,2KI,1,143.5314685
6,1JN,105,138.06118732866665
7,Total,1881,131.00273281699035
8,GEN,1549,130.75676922147838
9,EXO,198,127.21580954614015
10,NUM,2,123.5074412
11,JDG,1,121.5749177
12,PSA,1,113.02324396417976
