,Book,Tests,Mean WPM
0,REV,1,161.0931056
1,2JN,4,151.78386175
2,JUD,1,148.6723345
3,3JN,15,147.63010963999997
4,SNG,3,144.08430025964364
5,2KI,1,143.5314685
6,1JN,105,138.06118732866665
7,Total,821,132.73005635814272
8,GEN,685,131.56245810327917
9,NUM,2,123.5074412
10,JDG,1,121.5749177
11,EXO,3,92.98036623333333
