,Book,Tests,WPM
0,REV,1,161.0931056
1,2JN,4,151.78386175
2,JUD,1,148.6723345
3,3JN,15,147.63010963999997
4,SNG,3,144.08430026666665
5,2KI,1,143.5314685
6,JHN,1,138.80334067429257
7,1JN,105,138.06118732866665
8,LUK,1150,136.98421270344053
9,LEV,859,136.75907429209477
10,DEU,284,135.40348949361345
11,Total,6482,133.53425823213917
12,EXO,1216,133.01023976082237
13,NUM,1290,131.10109441956166
14,GEN,1549,130.75676922231762
15,ESG,1,126.51947002499614
16,JDG,1,121.5749177
17,PSA,1,113.023244
