,Book,Tests,WPM
0,REV,1,161.0931056
1,2JN,4,151.78386175
2,JUD,1,148.6723345
3,3JN,15,147.63010963999997
4,SNG,3,144.08430026666665
5,2KI,1,143.5314685
6,1JN,105,138.06118732866665
7,LUK,409,137.0442053444739
8,LEV,859,136.75907429209477
9,Total,4317,133.31440454252004
10,EXO,1216,133.01023976082237
11,GEN,1549,130.75676922231762
12,NUM,152,126.77837368763022
13,JDG,1,121.5749177
14,PSA,1,113.023244
