,Book,Tests,WPM
0,REV,1,161.0931056
1,2JN,4,151.78386175
2,JUD,1,148.6723345
3,3JN,15,147.63010963999997
4,SNG,3,144.08430026666665
5,2KI,1,143.5314685
6,1JN,105,138.06118732866665
7,LUK,661,137.33042351093465
8,LEV,859,136.75907429209477
9,Total,4843,133.42729078666227
10,EXO,1216,133.01023976082237
11,GEN,1549,130.75676922231762
12,NUM,425,129.62246645977228
13,ESG,1,126.51947002499614
14,JDG,1,121.5749177
15,PSA,1,113.023244
