,Book,Tests,Mean WPM
0,REV,1,161.0931056
1,2JN,4,151.78386175
2,JUD,1,148.6723345
3,3JN,15,147.63010963999997
4,2KI,1,143.5314685
5,1JN,105,138.06118732866665
6,Total,339,135.88472441403115
7,GEN,206,134.20428159148813
8,NUM,2,123.5074412
9,JDG,1,121.5749177
10,EXO,3,92.98036623333333
