,Book,Tests,WPM
0,REV,1,161.0931056
1,2JN,4,151.78386175
2,JHN,8,150.959141452712
3,JUD,1,148.6723345
4,3JN,15,147.63010963999997
5,SNG,3,144.08430026666665
6,2KI,1,143.5314685
7,1JN,105,138.06118732866665
8,LUK,1150,136.98421270344053
9,LEV,859,136.75907429209477
10,DEU,305,136.02695482615286
11,Total,6540,133.65130015996982
12,EXO,1225,133.27782858487143
13,NUM,1290,131.10109441956166
14,GEN,1569,130.84250851586222
15,ESG,2,129.95592771917634
16,JDG,1,121.5749177
17,PSA,1,113.023244
