,Book,Tests,WPM,WPM_for_Label
0,REV,1,161.0931056,161.093
1,2JN,4,151.78386175,151.784
2,JUD,1,148.6723345,148.672
3,3JN,15,147.63010963999997,147.63
4,SNG,3,144.08430025964364,144.084
5,2KI,1,143.5314685,143.531
6,1JN,105,138.06118732866665,138.061
7,Total,1509,131.69449401885774,131.694
8,GEN,1373,131.0093947597723,131.009
9,NUM,2,123.5074412,123.507
10,JDG,1,121.5749177,121.575
11,EXO,3,92.98036623333333,92.98
