,Local_Start_Year,Local_Start_Month,Count,WPM,WPM_for_Label,Year/Month
0,2023,10,332,135.65783000328662,135.658,2023-10
1,2023,11,1177,130.57654368170364,130.577,2023-11
