,Local_Year,Local_Month,Count,WPM,Year/Month
0,2023,10,332,135.65783000328662,2023-10
1,2023,11,835,130.63891145417313,2023-11
