Local_Start_Year,Local_Start_Month,Count,WPM,Year/Month
2023,10,332,135.65783000328662,2023-10
2023,11,1926,130.0229551063028,2023-11
