,Local_Start_Hour,Count,WPM
0,0,82,138.63473922373214
1,1,21,131.71825689756346
2,8,133,129.2461300881321
3,9,68,127.91120764179468
4,11,9,144.27043644434917
5,12,1,76.8534755006539
6,13,248,127.35705413603236
7,14,4,124.3507416611743
8,15,253,129.03397569478196
9,16,35,125.54833427080851
10,17,79,131.7442477659232
11,18,291,130.79979263804142
12,19,242,133.3035705831238
13,20,37,132.1462246771815
14,21,117,132.81607232863178
15,22,60,141.41775819030556
16,23,202,130.53311823261956
