Local_Start_Year,Local_Start_Month,Count,WPM,Year/Month
2023,10,332,135.6578300026506,2023-10
2023,11,2863,132.4159248525393,2023-11
2023,12,177,141.93312397532122,2023-12
