Local_Start_Year,Local_Start_Month,Number of Tests,WPM,Year/Month
2023,10,332,135.6578300026506,2023-10
2023,11,2863,132.4159248525393,2023-11
2023,12,3352,134.5580103145637,2023-12
2024,1,716,138.11328287340297,2024-1
