Mistake_Free_Test,Tests,WPM
No,6343,128.26965668421744
Yes,1290,157.46482971790363
