Percentile,WPM
0,41.38533489
5,97.87666972119432
10,106.01580641768875
15,111.45212318759995
20,115.70453857988849
25,119.56946378828889
30,122.79035223957547
35,125.75925617675935
40,128.638100162882
45,131.506930625
50,134.39910668962324
55,137.099002945
60,139.95145588332588
65,142.52779473
70,145.21997322664348
75,148.28207380140924
80,152.1023035112643
85,155.87240731389102
90,160.80601297
95,167.21173462499996
100,203.5433079282164
