Mistake_Free_Test,Tests,WPM
No,4661,129.18241846302897
Yes,1082,158.76528469203035
