Percentile,WPM
0,41.38533489
5,97.86010745600001
10,105.88602484
15,111.13233071
20,115.6270703
25,119.3651203
30,122.58846011
35,125.60645356
40,128.23214172
45,131.05542898000002
50,134.0566581
55,136.77063491500002
60,139.72507532
65,142.10492529
70,144.83675212
75,147.827651475
80,151.65023384000003
85,155.36471534999998
90,160.05592002
95,166.20422243499996
100,200.693577
