Mistake_Free_Test,WPM
No,128.51674146833665
Yes,158.62348723227228
