Percentile,WPM
0,41.38533489
5,97.920748061
10,105.9309587
15,111.2852783107111
20,115.47025604000001
25,119.3484736
30,122.63839005
35,125.530284275
40,128.24105351496428
45,131.040478445
50,133.7720873
55,136.37656833000003
60,139.15839082
65,141.97254711
70,144.71858217
75,147.770981225
80,151.29267738000001
85,155.151459765
90,160.16486369
95,166.736784445
100,203.5433079
