Mistake_Free_Test,Tests,WPM
No,4027,128.47476636579862
Yes,935,158.32268948998475
