Mistake_Free_Test,WPM
No,128.82228342566393
Yes,158.53919617185633
