Mistake_Free_Test,Tests,WPM
No,5566,128.7770339100822
Yes,1213,157.52798318982283
