Mistake_Free_Test,WPM
No,126.45119681402173
Yes,154.64408205981707
