Percentile,WPM
0,41.38533489
5,97.57483577212089
10,105.67240953
15,111.23229116895796
20,115.44468082
25,119.42164585
30,122.63705981014492
35,125.61708532617193
40,128.40126768
45,131.33060228000002
50,134.1927063043824
55,136.861786943201
60,139.78488590878098
65,142.3514705794166
70,145.10666188148448
75,148.22268836351515
80,152.0266848206617
85,155.887725778857
90,160.79468675143121
95,167.0765483824107
100,200.693577
