Percentile,WPM
0,41.38533489
5,97.647007324
10,105.71593952619997
15,111.12412494
20,115.28235824
25,119.10217393974683
30,122.47252116
35,125.32474031999999
40,127.9871208
45,130.8039488202551
50,133.5877405
55,136.17865016000002
60,138.94642078076254
65,141.77675726
70,144.34298948
75,147.3950377
80,151.05445493491027
85,154.98907544000002
90,159.89777193999998
95,166.49170719999995
100,203.5433079
