Mistake_Free_Test,Tests,WPM
No,374,135.2605158078425
Yes,90,164.10587356394902
