Mistake_Free_Test,Tests,WPM
No,5293,128.9454680853957
Yes,1169,157.55684101015024
