Mistake_Free_Test,WPM
No,126.44594137384033
Yes,154.35019835203065
