Percentile,WPM
0,41.38533489133095
5,96.16404544273684
10,104.4638723366574
15,109.86235888438017
20,114.28810375596277
25,117.78343919755616
30,120.98733521777464
35,124.26853220956443
40,127.05261925367776
45,129.75837167349977
50,132.4772881
55,135.2049748513192
60,137.9164972
65,140.66447015393544
70,142.9700997582903
75,146.22099562563943
80,149.39035041596688
85,153.36723230201204
90,157.84198301151855
95,163.65525551316694
100,193.2515087
