Percentile,WPM
0,41.38533489
5,97.783178899
10,106.03187302812127
15,111.6286931
20,115.75188410000001
25,119.67814915
30,122.9437684
35,125.8256138
40,128.6943163
45,131.49564048
50,134.373517
55,137.03097532
60,139.80159186
65,142.39275125
70,145.10545178
75,148.0924068
80,151.86431578
85,155.49618216
90,160.33562434
95,166.79506342
100,203.5433079
