Percentile,WPM
0,41.38533489
5,97.701984544641
10,106.17546572091102
15,111.75847905251025
20,115.85652618685955
25,119.8411846
30,123.19579158
35,126.05766280199947
40,128.83585829730913
45,131.66538452278778
50,134.4774433686377
55,137.17271436276195
60,140.0157090800752
65,142.59161201134583
70,145.28248618207132
75,148.2505985881897
80,152.00284574
85,155.69564628886192
90,160.53105564353066
95,166.8567558316975
100,203.5433079282164
