Percentile,WPM
0,41.38533489
5,97.54265789845057
10,105.49194782083546
15,111.160658295
20,115.40228071304885
25,119.39506567500001
30,122.65295753000001
35,125.61731385
40,128.45874826000002
45,131.31200701499998
50,134.25088061317888
55,136.92214816171753
60,139.94310592000002
65,142.49416262945041
70,145.22172940888825
75,148.33886182205663
80,152.089982801566
85,155.90251494551833
90,160.80082441076817
95,166.97637542996767
100,200.693577
