Percentile,WPM
0,41.38533489
5,97.87895224042943
10,106.02208931
15,111.46048432541153
20,115.70918089501363
25,119.57200625134428
30,122.79721718882529
35,125.76355037965132
40,128.64077874
45,131.51383813506047
50,134.41151078962324
55,137.11262872374073
60,139.97360703446475
65,142.5436066464949
70,145.22544533629608
75,148.288322897242
80,152.12468859122353
85,155.8862797958094
90,160.86972163000002
95,167.2712431
100,203.5433079282164
