Mistake_Free_Test,Tests,WPM
No,5331,128.9389729418527
Yes,1174,157.5651909263799
