Percentile,WPM
0,41.38533489
5,97.637733528
10,105.76134530159968
15,111.20825302242099
20,115.46202253999999
25,119.2391003
30,122.51861372
35,125.6186729
40,128.28643182
45,131.1335198121908
50,134.15197565807574
55,136.81995336
60,139.72507532
65,142.26898738000003
70,144.94513902
75,148.031929
80,151.82121768
85,155.43670019224564
90,160.39460388249492
95,166.45058034
100,200.693577
