Mistake_Free_Test,WPM
No,124.90512429724174
Yes,152.4247829181182
