Mistake_Free_Test,WPM
No,128.84490658451656
Yes,158.7961888966677
