Mistake_Free_Test,WPM
No,128.29660658231916
Yes,158.5898297586076
