Percentile,WPM
0,41.38533489
5,97.78641257700001
10,105.85962984
15,111.20764593
20,115.35511228982504
25,119.17548565721353
30,122.51643876
35,125.39443817966892
40,128.09629428
45,130.86883977
50,133.6450939
55,136.21382160015858
60,139.00882262000002
65,141.83139171
70,144.48177214
75,147.5616392
80,151.14008816
85,155.01844245000004
90,159.9436792
95,166.58819203
100,203.5433079
