Mistake_Free_Test,WPM
No,128.221146841954
Yes,159.15810922608313
