Mistake_Free_Test,Tests,WPM
No,6456,128.30570552249188
Yes,1327,157.52786311134628
