Percentile,WPM
0,41.38533489133095
5,95.9250585231714
10,104.33281606737805
15,109.36998270846271
20,113.77485875591049
25,117.26285471120573
30,120.4825793269901
35,123.86868169612005
40,126.63183182837653
45,129.12000298835218
50,131.95281486712128
55,134.77241466102794
60,137.44003585833903
65,140.3569199034441
70,142.7867905671411
75,145.63560602525268
80,149.1580298322943
85,152.91437029436847
90,157.26176318043147
95,162.74958506179865
100,193.2515087
