Mistake_Free_Test,WPM
No,128.2447821176544
Yes,159.15030024026373
