Mistake_Free_Test,Tests,WPM
No,5198,128.91826824804193
Yes,1159,157.5026319665651
