Percentile,WPM
0,41.38533489
5,97.324326234
10,105.38697502493028
15,111.05270848371002
20,115.24840464
25,119.12794364999999
30,122.48748612126678
35,125.57764476
40,128.26661545152612
45,131.22199141000002
50,134.24307313862147
55,137.1054316
60,140.02691146074048
65,142.55345694394157
70,145.2562971894427
75,148.52133154660564
80,152.1656832751196
85,156.003065
90,160.83695416
95,167.02810528803488
100,200.693577
