Mistake_Free_Test,Tests,WPM
No,4072,128.58515047074505
Yes,950,158.63795109968913
