Mistake_Free_Test,WPM
No,124.12709802290455
Yes,150.62835369197526
