Mistake_Free_Test,Tests,WPM
No,6585,128.45056818226166
Yes,1361,157.74864451384835
