Mistake_Free_Test,WPM
No,126.8225125859709
Yes,154.75145078886138
