Percentile,WPM
0,41.38533489
5,98.90386039006667
10,106.67851479393251
15,112.04177626
20,116.26313514397819
25,120.15674361844299
30,123.51347548
35,126.32083612
40,129.12504450717972
45,132.005795343205
50,134.8845139
55,137.59861062000002
60,140.30298430547796
65,142.83459261960482
70,145.6323334230123
75,148.6697751
80,152.36882320300435
85,156.04136459428813
90,160.99441743776285
95,167.35214795268357
100,203.5433079282164
