Mistake_Free_Test,WPM
No,128.26540734048632
Yes,158.80798867774098
