Mistake_Free_Test,Tests,WPM
No,6480,128.33168132042374
Yes,1331,157.54850122033716
