Mistake_Free_Test,Tests,WPM
No,5573,128.78184903099222
Yes,1216,157.5490282339878
