Percentile,WPM
0,41.38533489
5,97.81599887676488
10,105.93280287
15,111.36710227466271
20,115.65596078
25,119.52651920983492
30,122.74313000145831
35,125.68931240362478
40,128.55426008809476
45,131.41896289443093
50,134.27264005
55,136.997031115
60,139.81896996
65,142.40886845489013
70,145.1242571408556
75,148.16924490687063
80,152.0266848206617
85,155.821197367209
90,160.75040638953325
95,166.98348656347437
100,200.693577
