Percentile,WPM
0,41.38533489133095
5,95.9168898623212
10,104.31633119614436
15,109.19151808242687
20,113.404628782759
25,116.87019774956252
30,120.22030747469223
35,123.3772636356054
40,126.45330199563084
45,128.78176943791001
50,131.64195983211002
55,134.4369572954163
60,137.10771977222996
65,140.11420459066707
70,142.55753379750897
75,145.53305961172595
80,149.0575827
85,152.82588746615963
90,157.00270822078187
95,162.59821792149594
100,193.2515087
