Percentile,WPM
0,41.38533489
5,97.79785606643492
10,106.15958445175905
15,111.75814926969134
20,115.87434348244555
25,119.86448035061782
30,123.21586510271989
35,126.07245472999999
40,128.87921828
45,131.71197679141278
50,134.50512620004963
55,137.1973439693973
60,140.01306121834554
65,142.592445830937
70,145.2496202810165
75,148.2253588298288
80,151.96520924
85,155.6582397533845
90,160.50561562565687
95,166.84989169007034
100,203.5433079282164
