Percentile,WPM
0,41.38533489133095
5,96.13691451321108
10,104.48991753545592
15,109.91856549776696
20,114.29979859670958
25,117.78389373684152
30,121.00108912265657
35,124.47597851825073
40,127.15454351132142
45,129.80498059927663
50,132.63127897916004
55,135.33380862827875
60,137.97601927259538
65,140.74047876089634
70,143.0641739401106
75,146.26086472236446
80,149.41058729722218
85,153.5021233069786
90,157.84717116952152
95,163.72093036369805
100,193.2515087
