Mistake_Free_Test,WPM
No,125.65220310336358
Yes,152.64915484560396
