Percentile,WPM
0,41.38533489
5,97.2994609575
10,105.37105489999999
15,111.0362437
20,115.2070563
25,119.06852344048602
30,122.47170865
35,125.53469325
40,128.2292445221944
45,131.16647235
50,134.22131916280927
55,137.052105525
60,139.95062933887647
65,142.54289390000002
70,145.23144144999998
75,148.40869049620386
80,152.13480321006185
85,155.96797412577405
90,160.7773077469137
95,167.0366289026594
100,200.693577
