Mistake_Free_Test,Tests,WPM
No,5317,128.90925862323456
Yes,1173,157.56880463264773
