Percentile,WPM
0,41.38533489
5,97.791263094
10,106.0548681418633
15,111.65938824
20,115.77881462
25,119.6957298
30,122.9506612
35,125.82604704
40,128.6943163
45,131.49148588
50,134.373517
55,137.03232142
60,139.81069156
65,142.3985935
70,145.10835948
75,148.1068813
80,151.87836384
85,155.54027232
90,160.34614466
95,166.8414761
100,203.5433079
