Percentile,WPM
0,41.38533489133095
5,97.00347708496089
10,105.05629136789823
15,110.2509662841342
20,114.4703480107174
25,117.88043858913743
30,121.18203603218109
35,124.29538177120166
40,127.08222306329007
45,129.78710718125225
50,132.50519746482544
55,135.30430015867776
60,137.96011464314884
65,140.75046025229852
70,143.0812400618139
75,146.20602343302102
80,149.40169221034745
85,153.14994556815034
90,157.70409161089339
95,163.69693291258088
100,193.2515087
