Percentile,WPM
0,41.38533489
5,97.87264319841368
10,105.93463143
15,111.356220955
20,115.61881076
25,119.378918425
30,122.59027119
35,125.620564585
40,128.33099742
45,131.16026095232448
50,134.15522067903788
55,136.80718122500002
60,139.79917282000002
65,142.28630527
70,144.93237302999998
75,148.00597775
80,151.81352652
85,155.42455529499998
90,160.25621155
95,166.41294487784785
100,200.693577
