Percentile,WPM
0,41.38533489
5,97.74464538946467
10,106.12551484397787
15,111.73927292076458
20,115.84931963523466
25,119.843909507508
30,123.19449832000001
35,126.05729470049987
40,128.85157053975502
45,131.66115720569695
50,134.47628663948365
55,137.16138624909215
60,139.9480556755506
65,142.578478775
70,145.2277168044074
75,148.2178173045908
80,151.95907646
85,155.6548673204849
90,160.47979960285076
95,166.84377129365765
100,203.5433079282164
