Mistake_Free_Test,Tests,WPM
No,4072,128.58515047074505
Yes,948,158.55623132574834
