Percentile,WPM
0,41.38533489
5,97.799489081
10,105.87482609321
15,111.20920014000001
20,115.37143726000001
25,119.21010605000001
30,122.52169313294276
35,125.41090702
40,128.109103
45,130.87243342265754
50,133.6495263606671
55,136.21973217149653
60,139.01301166000002
65,141.83695493
70,144.52894852
75,147.5879358
80,151.1607694
85,155.05822738
90,159.98298250655967
95,166.58547607
100,203.5433079
