Percentile,WPM
0,41.38533489133095
5,95.29287846578073
10,104.11774652938722
15,109.29657802609142
20,113.73060229945904
25,116.9608425051335
30,120.35859434183763
35,123.52072357396335
40,126.48477329976363
45,128.91907591855826
50,131.8025856378083
55,134.87732514343028
60,137.5444247522292
65,140.255666670993
70,142.85288409501214
75,145.9899757696079
80,149.32210919076766
85,153.09793541688572
90,157.14267197186513
95,162.41256035438633
100,193.2515087
