Percentile,WPM
0,41.38533489
5,97.7872209965
10,106.15048532
15,111.75977046
20,115.86028126
25,119.85939797500001
30,123.20365951
35,126.0648588
40,128.87487480000001
45,131.7084082
50,134.47884255
55,137.16919306
60,139.95966614000002
65,142.58128734
70,145.22094769
75,148.210745625
80,151.95149868
85,155.650245435
90,160.4862536
95,166.87047877499998
100,203.5433079
