Percentile,WPM
0,41.38533489133095
5,96.19892806641282
10,104.54200793305296
15,109.88713282618657
20,114.30369687695851
25,117.82826199403172
30,120.99927256562026
35,124.32789582928467
40,127.09595660525495
45,129.78470561041144
50,132.50519746482544
55,135.28112424983314
60,137.92827630064707
65,140.68175822844952
70,142.98500735774434
75,146.22256019104708
80,149.38367578361624
85,153.28523508961942
90,157.83031243115187
95,163.62237393355272
100,193.2515087
