Percentile,WPM
0,41.38533489
5,98.34589329146476
10,106.21095161451537
15,111.66355015
20,115.7694741
25,119.58418825
30,122.9379299
35,125.70870404970138
40,128.49892970007124
45,131.18167385
50,133.94624845127973
55,136.538542
60,139.39585544256232
65,142.1097173
70,144.8554915
75,147.8977002
80,151.4465826
85,155.36248799999998
90,160.2400157
95,167.04402734217956
100,203.5433079
