Percentile,WPM
0,41.38533489133095
5,95.26369016160632
10,104.11571669610146
15,109.2940177446548
20,113.725464207745
25,116.979376220534
30,120.36413581629677
35,123.53414103899844
40,126.4882724
45,128.93268691065157
50,131.8197448920336
55,134.88451387078828
60,137.54488438448635
65,140.26556060076626
70,142.86235862553002
75,146.01150639281053
80,149.3259244097244
85,153.13041528152976
90,157.152014565045
95,162.4136034262146
100,193.2515087
