Mistake_Free_Test,WPM
No,126.36379475400753
Yes,154.43770820654152
